<?xml version="1.0" encoding="utf-8" ?>
<!-- Table of Configuration variables -->
<SCA>
  <configuration writeCounter="0" version="1">
    <variable name="TEMP" type="String">
      <value>C:\Users\JCA691~1.GAR\AppData\Local\Temp</value>
    </variable>
    <group name="CorePlugin">
      <variable name="CustomToolPalettesDirectory" type="String">
        <value>DefaultPath</value>
      </variable>
      <variable name="EnableCustomToolPalette" type="Bool">
        <value>false</value>
      </variable>
      <variable name="MacrosFolderLocation" type="String">
        <value></value>
      </variable>
      <variable name="UserSpecifiedMacrosFolderLocation" type="Bool">
        <value>false</value>
      </variable>
      <group name="Dimensionruler">
        <variable name="Adams" type="Bool">
          <value>false</value>
        </variable>
        <variable name="Gendes" type="Bool">
          <value>true</value>
        </variable>
        <variable name="Nastran" type="Bool">
          <value>true</value>
        </variable>
      </group>
      <group name="Interface">
        <variable name="Theme" type="Int">
          <value>0</value>
        </variable>
      </group>
      <group name="NumericalDisplay">
        <variable name="DecimalPlaces" type="Int">
          <value>2</value>
        </variable>
        <variable name="DecimalPlacesMaximumValue" type="Int">
          <value>12</value>
        </variable>
      </group>
      <group name="OnStartupOptions">
        <variable name="ShowVideoSelector" type="Bool">
          <value>true</value>
        </variable>
      </group>
      <group name="ScriptTriggers">
        <variable name="PostFEMExport" type="String">
          <value>;;;</value>
        </variable>
        <variable name="PostFEMImport" type="String">
          <value>;;;</value>
        </variable>
        <variable name="PostGeometryImport" type="String">
          <value>;;;</value>
        </variable>
        <variable name="PostModelDefault" type="String">
          <value>;;;</value>
        </variable>
        <variable name="PostModelNew" type="String">
          <value>;;;</value>
        </variable>
        <variable name="PostModelOpen" type="String">
          <value>;;;</value>
        </variable>
        <variable name="PostScenarioExecute" type="String">
          <value>;;;</value>
        </variable>
        <variable name="PreFEMExport" type="String">
          <value>;;;</value>
        </variable>
        <variable name="PreModelClose" type="String">
          <value>;;;</value>
        </variable>
        <variable name="PreScenarioExecute" type="String">
          <value>;;;</value>
        </variable>
      </group>
      <group name="UndoStackOptions">
        <variable name="UndoStackSize" type="Int">
          <value>20</value>
        </variable>
      </group>
      <group name="UnitSystems">
        <variable name="AllCustomUnitSystems" type="StringSequence">
          <value>Empty</value>
        </variable>
        <variable name="CurrentUnits" type="String">
          <value>mm-kg-s-N-K</value>
        </variable>
      </group>
    </group>
    <group name="FEMPlugin">
      <variable name="FloatValueVariables" type="StringSequence">
        <value>FEMPlugin.MeshingOptionsSettings.CurveDefaultSize</value>
        <value>FEMPlugin.MeshingOptionsSettings.SurfaceDefaultSize</value>
        <value>FEMPlugin.MeshingOptionsSettings.SolidDefaultSize</value>
        <value>FEMPlugin.MeshTopologyEdgeDisplay.FeatureAngle</value>
      </variable>
      <group name="ElementQualityParameters">
        <variable name="AspectRatio3D" type="RealSequence">
          <value>1.0</value>
          <value>3.0</value>
          <value>10.</value>
          <value>100.</value>
          <value>110.</value>
          <value>1.0</value>
          <value>3.0</value>
          <value>10.</value>
          <value>10000.</value>
          <value>11000.</value>
        </variable>
        <variable name="AspectRatio3DBad" type="Real">
          <value>10.</value>
        </variable>
        <variable name="AspectRatio3DDefault" type="Real">
          <value>110.</value>
        </variable>
        <variable name="AspectRatio3DGood" type="Real">
          <value>1.0</value>
        </variable>
        <variable name="AspectRatio3DInvalid" type="Real">
          <value>100.</value>
        </variable>
        <variable name="AspectRatio3DPoor" type="Real">
          <value>3.0</value>
        </variable>
        <variable name="AspectRatioColor" type="RealSequence">
          <value>1.0</value>
          <value>3.0</value>
          <value>5.0</value>
          <value>50.</value>
          <value>100.</value>
          <value>1.0</value>
          <value>3.0</value>
          <value>5.0</value>
          <value>100.</value>
          <value>11000.</value>
        </variable>
        <variable name="AspectRatioDefault" type="Real">
          <value>100.</value>
        </variable>
        <variable name="AspectRatioGreen" type="Real">
          <value>1.0</value>
        </variable>
        <variable name="AspectRatioPink" type="Real">
          <value>50.</value>
        </variable>
        <variable name="AspectRatioRed" type="Real">
          <value>5.0</value>
        </variable>
        <variable name="AspectRatioYellow" type="Real">
          <value>3.0</value>
        </variable>
        <variable name="Collapse" type="RealSequence">
          <value>1.0</value>
          <value>0.50</value>
          <value>0.30</value>
          <value>0.0</value>
          <value>-0.10</value>
          <value>1.0</value>
          <value>0.50</value>
          <value>0.30</value>
          <value>0.0</value>
          <value>-1.0</value>
        </variable>
        <variable name="CollapseBad" type="Real">
          <value>0.30</value>
        </variable>
        <variable name="CollapseDefault" type="Real">
          <value>-0.10</value>
        </variable>
        <variable name="CollapseGood" type="Real">
          <value>1.0</value>
        </variable>
        <variable name="CollapseInvalid" type="Real">
          <value>0.0</value>
        </variable>
        <variable name="CollapsePoor" type="Real">
          <value>0.50</value>
        </variable>
        <variable name="FaceWarp" type="RealSequence">
          <value>0.0</value>
          <value>30.</value>
          <value>90.</value>
          <value>180.</value>
          <value>200.</value>
          <value>0.0</value>
          <value>30.</value>
          <value>90.</value>
          <value>180.</value>
          <value>200.</value>
        </variable>
        <variable name="FaceWarpBad" type="Real">
          <value>90.</value>
        </variable>
        <variable name="FaceWarpDefault" type="Real">
          <value>200.</value>
        </variable>
        <variable name="FaceWarpGood" type="Real">
          <value>0.0</value>
        </variable>
        <variable name="FaceWarpInvalid" type="Real">
          <value>180.</value>
        </variable>
        <variable name="FaceWarpPoor" type="Real">
          <value>30.</value>
        </variable>
        <variable name="HexMaxAngle" type="RealSequence">
          <value>90.</value>
          <value>120.</value>
          <value>180.</value>
          <value>360.</value>
          <value>400.</value>
          <value>90.</value>
          <value>120.</value>
          <value>180.</value>
          <value>360.</value>
          <value>400.</value>
        </variable>
        <variable name="HexMaxAngleBad" type="Real">
          <value>180.</value>
        </variable>
        <variable name="HexMaxAngleDefault" type="Real">
          <value>400.</value>
        </variable>
        <variable name="HexMaxAngleGood" type="Real">
          <value>90.</value>
        </variable>
        <variable name="HexMaxAngleInvalid" type="Real">
          <value>360.</value>
        </variable>
        <variable name="HexMaxAnglePoor" type="Real">
          <value>120.</value>
        </variable>
        <variable name="HexMinAngle" type="RealSequence">
          <value>90.</value>
          <value>70.</value>
          <value>40.</value>
          <value>0.0</value>
          <value>-10.</value>
          <value>90.</value>
          <value>70.</value>
          <value>40.</value>
          <value>0.0</value>
          <value>-10.</value>
        </variable>
        <variable name="HexMinAngleBad" type="Real">
          <value>40.</value>
        </variable>
        <variable name="HexMinAngleDefault" type="Real">
          <value>0.0</value>
        </variable>
        <variable name="HexMinAngleGood" type="Real">
          <value>90.</value>
        </variable>
        <variable name="HexMinAngleInvalid" type="Real">
          <value>0.0</value>
        </variable>
        <variable name="HexMinAnglePoor" type="Real">
          <value>70.</value>
        </variable>
        <variable name="Jacobian3D" type="RealSequence">
          <value>1.0</value>
          <value>0.70</value>
          <value>0.50</value>
          <value>0.0</value>
          <value>-10.</value>
          <value>1.0</value>
          <value>0.70</value>
          <value>0.50</value>
          <value>0.0</value>
          <value>-10.</value>
        </variable>
        <variable name="Jacobian3DBad" type="Real">
          <value>0.50</value>
        </variable>
        <variable name="Jacobian3DDefault" type="Real">
          <value>-10.</value>
        </variable>
        <variable name="Jacobian3DGood" type="Real">
          <value>1.0</value>
        </variable>
        <variable name="Jacobian3DInvalid" type="Real">
          <value>0.0</value>
        </variable>
        <variable name="Jacobian3DPoor" type="Real">
          <value>0.70</value>
        </variable>
        <variable name="JacobianColor" type="RealSequence">
          <value>1.0</value>
          <value>0.70</value>
          <value>0.50</value>
          <value>0.0</value>
          <value>-10.</value>
          <value>1.0</value>
          <value>0.70</value>
          <value>0.50</value>
          <value>0.0</value>
          <value>-10.</value>
        </variable>
        <variable name="JacobinDefault" type="Real">
          <value>-10.</value>
        </variable>
        <variable name="JacobinGreen" type="Real">
          <value>1.0</value>
        </variable>
        <variable name="JacobinPink" type="Real">
          <value>0.0</value>
        </variable>
        <variable name="JacobinRed" type="Real">
          <value>0.50</value>
        </variable>
        <variable name="JacobinYellow" type="Real">
          <value>0.70</value>
        </variable>
        <variable name="OperationType" type="String">
          <value>RestoreDefaults</value>
        </variable>
        <variable name="OptionCountValue" type="Int">
          <value>0</value>
        </variable>
        <variable name="ParameterSettingIndexInDropDownBox" type="Int">
          <value>0</value>
        </variable>
        <variable name="ParameterSettingNameInDropDownBox" type="StringSequence">
          <value>MSC Factory Default Settings</value>
          <value>High Risk Thresholds*</value>
        </variable>
        <variable name="ParameterSettingNameInTextBox" type="String">
          <value>MSC Factory Default Settings</value>
        </variable>
        <variable name="PentaMaxAngle" type="RealSequence">
          <value>60.</value>
          <value>80.</value>
          <value>120.</value>
          <value>360.</value>
          <value>400.</value>
          <value>60.</value>
          <value>80.</value>
          <value>120.</value>
          <value>360.</value>
          <value>400.</value>
        </variable>
        <variable name="PentaMaxAngleBad" type="Real">
          <value>120.</value>
        </variable>
        <variable name="PentaMaxAngleDefault" type="Real">
          <value>400.</value>
        </variable>
        <variable name="PentaMaxAngleGood" type="Real">
          <value>60.</value>
        </variable>
        <variable name="PentaMaxAngleInvalid" type="Real">
          <value>360.</value>
        </variable>
        <variable name="PentaMaxAnglePoor" type="Real">
          <value>80.</value>
        </variable>
        <variable name="PentaMinAngle" type="RealSequence">
          <value>60.</value>
          <value>50.</value>
          <value>40.</value>
          <value>0.0</value>
          <value>-10.</value>
          <value>60.</value>
          <value>50.</value>
          <value>40.</value>
          <value>0.0</value>
          <value>-10.</value>
        </variable>
        <variable name="PentaMinAngleBad" type="Real">
          <value>40.</value>
        </variable>
        <variable name="PentaMinAngleDefault" type="Real">
          <value>-10.</value>
        </variable>
        <variable name="PentaMinAngleGood" type="Real">
          <value>60.</value>
        </variable>
        <variable name="PentaMinAngleInvalid" type="Real">
          <value>0.0</value>
        </variable>
        <variable name="PentaMinAnglePoor" type="Real">
          <value>50.</value>
        </variable>
        <variable name="QuadFaceMaxAngle" type="RealSequence">
          <value>90.</value>
          <value>120.</value>
          <value>180.</value>
          <value>360.</value>
          <value>400.</value>
          <value>90.</value>
          <value>120.</value>
          <value>180.</value>
          <value>360.</value>
          <value>400.</value>
        </variable>
        <variable name="QuadFaceMaxAngleBad" type="Real">
          <value>180.</value>
        </variable>
        <variable name="QuadFaceMaxAngleDefault" type="Real">
          <value>400.</value>
        </variable>
        <variable name="QuadFaceMaxAngleGood" type="Real">
          <value>90.</value>
        </variable>
        <variable name="QuadFaceMaxAngleInvalid" type="Real">
          <value>360.</value>
        </variable>
        <variable name="QuadFaceMaxAnglePoor" type="Real">
          <value>120.</value>
        </variable>
        <variable name="QuadFaceMinAngle" type="RealSequence">
          <value>90.</value>
          <value>70.</value>
          <value>40.</value>
          <value>0.0</value>
          <value>-10.</value>
          <value>90.</value>
          <value>70.</value>
          <value>40.</value>
          <value>0.0</value>
          <value>-10.</value>
        </variable>
        <variable name="QuadFaceMinAngleBad" type="Real">
          <value>40.</value>
        </variable>
        <variable name="QuadFaceMinAngleDefault" type="Real">
          <value>-10.</value>
        </variable>
        <variable name="QuadFaceMinAngleGood" type="Real">
          <value>90.</value>
        </variable>
        <variable name="QuadFaceMinAngleInvalid" type="Real">
          <value>0.0</value>
        </variable>
        <variable name="QuadFaceMinAnglePoor" type="Real">
          <value>70.</value>
        </variable>
        <variable name="QuadFaceSkew" type="RealSequence">
          <value>0.0</value>
          <value>30.</value>
          <value>60.</value>
          <value>90.</value>
          <value>180.</value>
          <value>0.0</value>
          <value>30.</value>
          <value>60.</value>
          <value>90.</value>
          <value>180.</value>
        </variable>
        <variable name="QuadFaceSkewBad" type="Real">
          <value>60.</value>
        </variable>
        <variable name="QuadFaceSkewDefault" type="Real">
          <value>100.</value>
        </variable>
        <variable name="QuadFaceSkewGood" type="Real">
          <value>0.0</value>
        </variable>
        <variable name="QuadFaceSkewInvalid" type="Real">
          <value>90.</value>
        </variable>
        <variable name="QuadFaceSkewPoor" type="Real">
          <value>30.</value>
        </variable>
        <variable name="QuadMaxColor" type="RealSequence">
          <value>90.</value>
          <value>110.</value>
          <value>140.</value>
          <value>175.</value>
          <value>180.</value>
          <value>90.</value>
          <value>110.</value>
          <value>140.</value>
          <value>180.</value>
          <value>200.</value>
        </variable>
        <variable name="QuadMaxDefault" type="Real">
          <value>180.</value>
        </variable>
        <variable name="QuadMaxGreen" type="Real">
          <value>90.</value>
        </variable>
        <variable name="QuadMaxPink" type="Real">
          <value>175.</value>
        </variable>
        <variable name="QuadMaxRed" type="Real">
          <value>140.</value>
        </variable>
        <variable name="QuadMaxYellow" type="Real">
          <value>110.</value>
        </variable>
        <variable name="QuadMinColor" type="RealSequence">
          <value>90.</value>
          <value>70.</value>
          <value>40.</value>
          <value>5.0</value>
          <value>0.0</value>
          <value>90.</value>
          <value>70.</value>
          <value>40.</value>
          <value>0.0</value>
          <value>-10.</value>
        </variable>
        <variable name="QuadMinDefault" type="Real">
          <value>0.0</value>
        </variable>
        <variable name="QuadMinGreen" type="Real">
          <value>90.</value>
        </variable>
        <variable name="QuadMinPink" type="Real">
          <value>5.0</value>
        </variable>
        <variable name="QuadMinRed" type="Real">
          <value>40.</value>
        </variable>
        <variable name="QuadMinYellow" type="Real">
          <value>70.</value>
        </variable>
        <variable name="QuadSkewColor" type="RealSequence">
          <value>0.0</value>
          <value>30.</value>
          <value>60.</value>
          <value>80.</value>
          <value>180.</value>
          <value>0.0</value>
          <value>30.</value>
          <value>60.</value>
          <value>90.</value>
          <value>180.</value>
        </variable>
        <variable name="QuadSkewDefault" type="Real">
          <value>180.</value>
        </variable>
        <variable name="QuadSkewGreen" type="Real">
          <value>0.0</value>
        </variable>
        <variable name="QuadSkewPink" type="Real">
          <value>80.</value>
        </variable>
        <variable name="QuadSkewRed" type="Real">
          <value>60.</value>
        </variable>
        <variable name="QuadSkewYellow" type="Real">
          <value>30.</value>
        </variable>
        <variable name="QualityIndex3D" type="RealSequence">
          <value>100.</value>
          <value>70.</value>
          <value>20.</value>
          <value>0.0</value>
          <value>-10.</value>
          <value>100.</value>
          <value>70.</value>
          <value>20.</value>
          <value>0.0</value>
          <value>-10.</value>
        </variable>
        <variable name="QualityIndex3DBad" type="Real">
          <value>20.</value>
        </variable>
        <variable name="QualityIndex3DDefault" type="Real">
          <value>-10.</value>
        </variable>
        <variable name="QualityIndex3DGood" type="Real">
          <value>100.</value>
        </variable>
        <variable name="QualityIndex3DInvalid" type="Real">
          <value>0.0</value>
        </variable>
        <variable name="QualityIndex3DPoor" type="Real">
          <value>70.</value>
        </variable>
        <variable name="QualityIndexColor" type="RealSequence">
          <value>100.</value>
          <value>70.</value>
          <value>20.</value>
          <value>0.0</value>
          <value>-10.</value>
          <value>100.</value>
          <value>70.</value>
          <value>20.</value>
          <value>0.0</value>
          <value>-10.</value>
        </variable>
        <variable name="QualityIndexDefault" type="Real">
          <value>-10.</value>
        </variable>
        <variable name="QualityIndexGreen" type="Real">
          <value>100.</value>
        </variable>
        <variable name="QualityIndexPink" type="Real">
          <value>0.0</value>
        </variable>
        <variable name="QualityIndexRed" type="Real">
          <value>20.</value>
        </variable>
        <variable name="QualityIndexYellow" type="Real">
          <value>70.</value>
        </variable>
        <variable name="Stretch" type="RealSequence">
          <value>1.0</value>
          <value>0.50</value>
          <value>0.30</value>
          <value>0.0</value>
          <value>-0.10</value>
          <value>1.0</value>
          <value>0.50</value>
          <value>0.30</value>
          <value>0.0</value>
          <value>-0.10</value>
        </variable>
        <variable name="StretchBad" type="Real">
          <value>0.30</value>
        </variable>
        <variable name="StretchDefault" type="Real">
          <value>-0.10</value>
        </variable>
        <variable name="StretchGood" type="Real">
          <value>1.0</value>
        </variable>
        <variable name="StretchInvalid" type="Real">
          <value>0.0</value>
        </variable>
        <variable name="StretchPoor" type="Real">
          <value>0.50</value>
        </variable>
        <variable name="TaperColor" type="RealSequence">
          <value>0.0</value>
          <value>0.30</value>
          <value>0.60</value>
          <value>0.80</value>
          <value>1.0</value>
          <value>0.0</value>
          <value>0.30</value>
          <value>0.60</value>
          <value>1.0</value>
          <value>1.1</value>
        </variable>
        <variable name="TaperDefault" type="Real">
          <value>1.0</value>
        </variable>
        <variable name="TaperGreen" type="Real">
          <value>0.0</value>
        </variable>
        <variable name="TaperPink" type="Real">
          <value>0.80</value>
        </variable>
        <variable name="TaperRed" type="Real">
          <value>0.60</value>
        </variable>
        <variable name="TaperYellow" type="Real">
          <value>0.30</value>
        </variable>
        <variable name="TetMaxAngle" type="RealSequence">
          <value>70.52</value>
          <value>120.</value>
          <value>160.</value>
          <value>180.</value>
          <value>200.</value>
          <value>70.52</value>
          <value>120.</value>
          <value>160.</value>
          <value>180.</value>
          <value>200.</value>
        </variable>
        <variable name="TetMaxAngleBad" type="Real">
          <value>160.</value>
        </variable>
        <variable name="TetMaxAngleDefault" type="Real">
          <value>200.</value>
        </variable>
        <variable name="TetMaxAngleGood" type="Real">
          <value>70.52</value>
        </variable>
        <variable name="TetMaxAngleInvalid" type="Real">
          <value>180.</value>
        </variable>
        <variable name="TetMaxAnglePoor" type="Real">
          <value>120.</value>
        </variable>
        <variable name="TetMinAngle" type="RealSequence">
          <value>70.53</value>
          <value>30.</value>
          <value>10.</value>
          <value>0.0</value>
          <value>-10.</value>
          <value>70.53</value>
          <value>30.</value>
          <value>10.</value>
          <value>0.0</value>
          <value>-10.</value>
        </variable>
        <variable name="TetMinAngleBad" type="Real">
          <value>10.</value>
        </variable>
        <variable name="TetMinAngleDefault" type="Real">
          <value>-10.</value>
        </variable>
        <variable name="TetMinAngleGood" type="Real">
          <value>70.53</value>
        </variable>
        <variable name="TetMinAngleInvalid" type="Real">
          <value>0.0</value>
        </variable>
        <variable name="TetMinAnglePoor" type="Real">
          <value>30.</value>
        </variable>
        <variable name="TriaFaceMaxAngle" type="RealSequence">
          <value>60.</value>
          <value>120.</value>
          <value>160.</value>
          <value>180.</value>
          <value>200.</value>
          <value>60.</value>
          <value>120.</value>
          <value>160.</value>
          <value>180.</value>
          <value>200.</value>
        </variable>
        <variable name="TriaFaceMaxAngleBad" type="Real">
          <value>160.</value>
        </variable>
        <variable name="TriaFaceMaxAngleDefault" type="Real">
          <value>200.</value>
        </variable>
        <variable name="TriaFaceMaxAngleGood" type="Real">
          <value>60.</value>
        </variable>
        <variable name="TriaFaceMaxAngleInvalid" type="Real">
          <value>180.</value>
        </variable>
        <variable name="TriaFaceMaxAnglePoor" type="Real">
          <value>120.</value>
        </variable>
        <variable name="TriaFaceMinAngle" type="RealSequence">
          <value>60.</value>
          <value>30.</value>
          <value>10.</value>
          <value>0.0</value>
          <value>-0.10</value>
          <value>60.</value>
          <value>30.</value>
          <value>10.</value>
          <value>0.0</value>
          <value>-0.10</value>
        </variable>
        <variable name="TriaFaceMinAngleBad" type="Real">
          <value>10.</value>
        </variable>
        <variable name="TriaFaceMinAngleDefault" type="Real">
          <value>-10.</value>
        </variable>
        <variable name="TriaFaceMinAngleGood" type="Real">
          <value>60.</value>
        </variable>
        <variable name="TriaFaceMinAngleInvalid" type="Real">
          <value>0.0</value>
        </variable>
        <variable name="TriaFaceMinAnglePoor" type="Real">
          <value>30.</value>
        </variable>
        <variable name="TriaFaceSkew" type="RealSequence">
          <value>0.0</value>
          <value>30.</value>
          <value>50.</value>
          <value>60.</value>
          <value>180.</value>
          <value>0.0</value>
          <value>30.</value>
          <value>50.</value>
          <value>60.</value>
          <value>180.</value>
        </variable>
        <variable name="TriaFaceSkewBad" type="Real">
          <value>50.</value>
        </variable>
        <variable name="TriaFaceSkewDefault" type="Real">
          <value>180.</value>
        </variable>
        <variable name="TriaFaceSkewGood" type="Real">
          <value>0.0</value>
        </variable>
        <variable name="TriaFaceSkewInvalid" type="Real">
          <value>60.</value>
        </variable>
        <variable name="TriaFaceSkewPoor" type="Real">
          <value>30.</value>
        </variable>
        <variable name="TriaMaxColor" type="RealSequence">
          <value>60.</value>
          <value>80.</value>
          <value>120.</value>
          <value>175.</value>
          <value>180.</value>
          <value>60.</value>
          <value>80.</value>
          <value>120.</value>
          <value>180.</value>
          <value>200.</value>
        </variable>
        <variable name="TriaMaxDefault" type="Real">
          <value>180.</value>
        </variable>
        <variable name="TriaMaxGreen" type="Real">
          <value>60.</value>
        </variable>
        <variable name="TriaMaxPink" type="Real">
          <value>175.</value>
        </variable>
        <variable name="TriaMaxRed" type="Real">
          <value>120.</value>
        </variable>
        <variable name="TriaMaxYellow" type="Real">
          <value>80.</value>
        </variable>
        <variable name="TriaMinColor" type="RealSequence">
          <value>60.</value>
          <value>45.</value>
          <value>20.</value>
          <value>5.0</value>
          <value>0.0</value>
          <value>60.</value>
          <value>45.</value>
          <value>20.</value>
          <value>0.0</value>
          <value>-10.</value>
        </variable>
        <variable name="TriaMinDefault" type="Real">
          <value>0.0</value>
        </variable>
        <variable name="TriaMinGreen" type="Real">
          <value>60.</value>
        </variable>
        <variable name="TriaMinPink" type="Real">
          <value>5.0</value>
        </variable>
        <variable name="TriaMinRed" type="Real">
          <value>20.</value>
        </variable>
        <variable name="TriaMinYellow" type="Real">
          <value>45.</value>
        </variable>
        <variable name="TriaSkewColor" type="RealSequence">
          <value>0.0</value>
          <value>15.</value>
          <value>30.</value>
          <value>60.</value>
          <value>180.</value>
          <value>0.0</value>
          <value>15.</value>
          <value>30.</value>
          <value>60.</value>
          <value>180.</value>
        </variable>
        <variable name="TriaSkewDefault" type="Real">
          <value>180.</value>
        </variable>
        <variable name="TriaSkewGreen" type="Real">
          <value>0.0</value>
        </variable>
        <variable name="TriaSkewPink" type="Real">
          <value>60.</value>
        </variable>
        <variable name="TriaSkewRed" type="Real">
          <value>30.</value>
        </variable>
        <variable name="TriaSkewYellow" type="Real">
          <value>15.</value>
        </variable>
        <variable name="TypeNameDummy" type="String">
          <value>NONE</value>
        </variable>
        <variable name="TypeNameDuplicate" type="String">
          <value>NONE</value>
        </variable>
        <variable name="VolumeSkew" type="RealSequence">
          <value>0.0</value>
          <value>0.60</value>
          <value>0.80</value>
          <value>1.0</value>
          <value>1.1</value>
          <value>0.0</value>
          <value>0.60</value>
          <value>0.80</value>
          <value>1.0</value>
          <value>1.1</value>
        </variable>
        <variable name="VolumeSkewBad" type="Real">
          <value>0.80</value>
        </variable>
        <variable name="VolumeSkewDefault" type="Real">
          <value>1.1</value>
        </variable>
        <variable name="VolumeSkewGood" type="Real">
          <value>0.0</value>
        </variable>
        <variable name="VolumeSkewInvalid" type="Real">
          <value>1.0</value>
        </variable>
        <variable name="VolumeSkewPoor" type="Real">
          <value>0.60</value>
        </variable>
        <variable name="WarpageAngleColor" type="RealSequence">
          <value>0.0</value>
          <value>5.0</value>
          <value>10.</value>
          <value>30.</value>
          <value>180.</value>
          <value>0.0</value>
          <value>5.0</value>
          <value>10.</value>
          <value>180.</value>
          <value>200.</value>
        </variable>
        <variable name="WarpageAngleDefault" type="Real">
          <value>180.</value>
        </variable>
        <variable name="WarpageAngleGreen" type="Real">
          <value>0.0</value>
        </variable>
        <variable name="WarpageAnglePink" type="Real">
          <value>30.</value>
        </variable>
        <variable name="WarpageAngleRed" type="Real">
          <value>10.</value>
        </variable>
        <variable name="WarpageAngleYellow" type="Real">
          <value>5.0</value>
        </variable>
        <variable name="WarpageFactorColor" type="RealSequence">
          <value>0.0</value>
          <value>1.0e-02</value>
          <value>2.0e-02</value>
          <value>7.0e-02</value>
          <value>1.0</value>
          <value>0.0</value>
          <value>1.0e-02</value>
          <value>2.0e-02</value>
          <value>1.0</value>
          <value>1.1</value>
        </variable>
        <variable name="WarpageFactorDefault" type="Real">
          <value>1.0</value>
        </variable>
        <variable name="WarpageFactorGreen" type="Real">
          <value>0.0</value>
        </variable>
        <variable name="WarpageFactorPink" type="Real">
          <value>7.0e-02</value>
        </variable>
        <variable name="WarpageFactorRed" type="Real">
          <value>2.0e-02</value>
        </variable>
        <variable name="WarpageFactorYellow" type="Real">
          <value>1.0e-02</value>
        </variable>
      </group>
      <group name="EntityLablesOptionsSetting">
        <variable name="ConstraintLabelColor" type="Int">
          <value>-256</value>
        </variable>
        <variable name="CoordSystemLabelColor" type="Int">
          <value>-256</value>
        </variable>
        <variable name="DecimalPlaces" type="Int">
          <value>2</value>
        </variable>
        <variable name="ElementLabelColor" type="Int">
          <value>-256</value>
        </variable>
        <variable name="FontSize" type="Int">
          <value>12</value>
        </variable>
        <variable name="LabelVisibilityDisplay" type="Int">
          <value>1</value>
        </variable>
        <variable name="LoadLabelColor" type="Int">
          <value>-256</value>
        </variable>
        <variable name="NodeLabelColor" type="Int">
          <value>-1</value>
        </variable>
        <variable name="NumericFormatType" type="Int">
          <value>0</value>
        </variable>
        <variable name="ScientificNotationLower" type="Int">
          <value>-4</value>
        </variable>
        <variable name="ScientificNotationUpper" type="Int">
          <value>5</value>
        </variable>
        <variable name="ValueLabelColor" type="Int">
          <value>-256</value>
        </variable>
      </group>
      <group name="MeshTopologyEdgeDisplay">
        <variable name="CrackTolerance" type="Int">
          <value>30</value>
        </variable>
        <variable name="FeatureAngle" type="String">
          <value>40.0 °</value>
        </variable>
        <variable name="FreeEdgeColor" type="Int">
          <value>-65536</value>
        </variable>
        <variable name="GlueEdgeColor" type="Int">
          <value>-1</value>
        </variable>
        <variable name="NodeMoveAutoShowTopo" type="Bool">
          <value>true</value>
        </variable>
        <variable name="NonManifoldEdgeColor" type="Int">
          <value>-256</value>
        </variable>
        <variable name="SharedEdgeColor" type="Int">
          <value>-16711936</value>
        </variable>
        <variable name="TwoSharedTieEdgeColor" type="Int">
          <value>-16711936</value>
        </variable>
        <variable name="TwoSharedTiePlusEdgeColor" type="Int">
          <value>-256</value>
        </variable>
      </group>
      <group name="MeshingOptionsSettings">
        <variable name="CurveCurvatureCheck" type="Bool">
          <value>false</value>
        </variable>
        <variable name="CurveDefaultSize" type="String">
          <value>10 mm</value>
        </variable>
        <variable name="CurveElementType" type="Int">
          <value>0</value>
        </variable>
        <variable name="CurveFeatureMesh" type="Bool">
          <value>false</value>
        </variable>
        <variable name="MappedTriaPattern" type="Int">
          <value>0</value>
        </variable>
        <variable name="MeshFailureDiagnosis" type="Bool">
          <value>true</value>
        </variable>
        <variable name="OrganicShapeMesh" type="Bool">
          <value>true</value>
        </variable>
        <variable name="SolidCurvatureCheck" type="Bool">
          <value>true</value>
        </variable>
        <variable name="SolidDefaultSize" type="String">
          <value>10 mm</value>
        </variable>
        <variable name="SolidElementType" type="Int">
          <value>1</value>
        </variable>
        <variable name="SolidFeatureMesh" type="Bool">
          <value>false</value>
        </variable>
        <variable name="SurfaceCurvatureCheck" type="Bool">
          <value>false</value>
        </variable>
        <variable name="SurfaceDefaultSize" type="String">
          <value>10 mm</value>
        </variable>
        <variable name="SurfaceElementType" type="Int">
          <value>0</value>
        </variable>
        <variable name="SurfaceFeatureMesh" type="Bool">
          <value>false</value>
        </variable>
        <variable name="SurfaceMeshDefaultMethod" type="Int">
          <value>0</value>
        </variable>
        <variable name="SurfaceMeshDefaultType" type="Int">
          <value>0</value>
        </variable>
        <variable name="WasherTriaPattern" type="Int">
          <value>0</value>
        </variable>
      </group>
      <group name="THDMesh">
        <variable name="THDCurvatureCheck" type="Bool">
          <value>false</value>
        </variable>
        <variable name="THDElementType" type="Int">
          <value>0</value>
        </variable>
        <variable name="THDFeatureMesh" type="Bool">
          <value>false</value>
        </variable>
        <variable name="THDMeshAlgorithm" type="Int">
          <value>0</value>
        </variable>
        <variable name="THDMeshMethod" type="Int">
          <value>0</value>
        </variable>
      </group>
    </group>
    <group name="GenDesPlugin">
      <group name="GenDsgnSolver">
        <variable name="SolverLocation" type="String">
          <value>Local</value>
        </variable>
        <group name="EffectiveSolver">
          <variable name="IPAddress" type="String">
            <value></value>
          </variable>
          <variable name="Port" type="String">
            <value></value>
          </variable>
          <variable name="SolverName" type="String">
            <value></value>
          </variable>
          <variable name="Status" type="Int">
            <value>0</value>
          </variable>
          <variable name="ThreadsCount" type="String">
            <value>Auto</value>
          </variable>
          <variable name="UseGPU" type="Bool">
            <value>true</value>
          </variable>
        </group>
        <group name="LocalSolver">
          <variable name="HardwarePriority" type="Int">
            <value>0</value>
          </variable>
          <variable name="MultiThreadsNumber" type="Int">
            <value>2</value>
          </variable>
          <variable name="MultiThreadsType" type="Int">
            <value>0</value>
          </variable>
          <variable name="ScratchFileDir" type="String">
            <value>C:\Users\JCA691~1.GAR\AppData\Local\Temp</value>
          </variable>
        </group>
        <group name="RemoteSolver">
          <variable name="ActiveSolverID" type="Int">
            <value>-1</value>
          </variable>
          <variable name="HardwarePriority" type="String">
            <value>0 </value>
          </variable>
          <variable name="IPAddress" type="String">
            <value>N/A </value>
          </variable>
          <variable name="MultiThreadsNumber" type="String">
            <value>2 </value>
          </variable>
          <variable name="MultiThreadsType" type="String">
            <value>0 </value>
          </variable>
          <variable name="Port" type="String">
            <value>N/A </value>
          </variable>
          <variable name="SolverID" type="String">
            <value>-1 </value>
          </variable>
          <variable name="SolverName" type="String">
            <value>N/A </value>
          </variable>
          <variable name="Status" type="String">
            <value>1 </value>
          </variable>
        </group>
      </group>
      <group name="Materials">
        <variable name="ActiveMaterial" type="Int">
          <value>0</value>
        </variable>
        <variable name="AssignmentTarget" type="Int">
          <value>0</value>
        </variable>
        <variable name="AutoAssignMaterial" type="Bool">
          <value>false</value>
        </variable>
        <variable name="LoadDefaultMaterials" type="Bool">
          <value>true</value>
        </variable>
      </group>
    </group>
    <group name="GeomPlugin">
      <variable name="FloatValueVariables" type="StringSequence">
        <value>GeomPlugin.StitchingTolerance.FloatValue_1</value>
        <value>GeomPlugin.ImportExportSettings.MaxCacheSize</value>
        <value>GeomPlugin.DatumPlaneLength.FloatValue_1</value>
        <value>GeomPlugin.DatumPlaneWidth.FloatValue_1</value>
        <value>GeomPlugin.ImportExportSettings.STLImportFeatureAngle</value>
        <value>GeomPlugin.ImportExportSettings.STLImportVertexAngle</value>
      </variable>
      <group name="BooleanWarningsBehavior">
        <variable name="GiveFacetBodyConversionWarnings" type="Bool">
          <value>true</value>
        </variable>
      </group>
      <group name="DatumPlaneLength">
        <variable name="FloatValue_1" type="String">
          <value>100 mm</value>
        </variable>
      </group>
      <group name="DatumPlaneWidth">
        <variable name="FloatValue_1" type="String">
          <value>100 mm</value>
        </variable>
      </group>
      <group name="ExportBodyPositionSettings">
        <variable name="Position" type="Int">
          <value>0</value>
        </variable>
      </group>
      <group name="ExportBodyPositionSettings_ADAMS">
        <variable name="Position" type="Int">
          <value>1</value>
        </variable>
      </group>
      <group name="ExportOrganizationSettings">
        <variable name="Organization" type="Int">
          <value>0</value>
        </variable>
      </group>
      <group name="ExportOrganizationSettings_ADAMS">
        <variable name="Organization" type="Int">
          <value>1</value>
        </variable>
      </group>
      <group name="GeomeFreeEdgeMarker">
        <variable name="PerceivedLocation" type="Int">
          <value>0</value>
        </variable>
        <variable name="Size" type="Int">
          <value>0</value>
        </variable>
      </group>
      <group name="GeomeTryCreationBehavior">
        <variable name="TargetPart" type="Int">
          <value>0</value>
        </variable>
      </group>
      <group name="ImportExportSettings">
        <variable name="CacheFolderPath" type="String">
          <value>$[USERPROFILE]$\Documents\$[APPLICATIONNAME]$ Workspace</value>
        </variable>
        <variable name="DirectorySpace" type="Real">
          <value>301.34</value>
        </variable>
        <variable name="DiskFreeSpace" type="Real">
          <value>0.0</value>
        </variable>
        <variable name="FilesCount" type="Int">
          <value>0</value>
        </variable>
        <variable name="MaxCacheSize" type="String">
          <value>500 MB</value>
        </variable>
        <variable name="STLImportFeatureAngle" type="String">
          <value>40.0 °</value>
        </variable>
        <variable name="STLImportVertexAngle" type="String">
          <value>40.0 °</value>
        </variable>
      </group>
      <group name="StitchingTolerance">
        <variable name="FloatValue_1" type="String">
          <value>0.5 mm</value>
        </variable>
      </group>
      <group name="ToolOptionSettings">
        <variable name="PickEdgeTolerance" type="Real">
          <value>15.</value>
        </variable>
        <variable name="PickElementEdgeTolerance" type="Real">
          <value>30.</value>
        </variable>
        <variable name="PickElementTolerance" type="Real">
          <value>30.</value>
        </variable>
        <variable name="PickFaceTolerance" type="Real">
          <value>15.</value>
        </variable>
        <group name="AutoColorSettings">
          <variable name="ByBody" type="Bool">
            <value>false</value>
          </variable>
        </group>
        <group name="GSCTessellationTol">
          <variable name="EdgeDiscrete" type="Int">
            <value>3</value>
          </variable>
          <variable name="FaceDiscrete" type="Int">
            <value>3</value>
          </variable>
          <variable name="GendesEdgeDiscrete" type="Int">
            <value>3</value>
          </variable>
          <variable name="GendesFaceDiscrete" type="Int">
            <value>3</value>
          </variable>
          <variable name="GendesWaterTight" type="Bool">
            <value>true</value>
          </variable>
          <variable name="WaterTight" type="Bool">
            <value>true</value>
          </variable>
        </group>
      </group>
    </group>
    <group name="ModelingPlugin">
      <variable name="FloatValueVariables" type="StringSequence">
        <value>ModelingPlugin.MemorySetting.Memory</value>
        <value>ModelingPlugin.GravitySettings.Acceleration</value>
        <value>ModelingPlugin.GravitySettings.Constant</value>
        <value>ModelingPlugin.Development.MSC_ATTRIBUTES_COLINEAR_TOLERANCE</value>
        <value>ModelingPlugin.NastranComputeSettings.IntegrateMaxMemorySecondValue</value>
        <value>ModelingPlugin.NastranComputeSettings.MemoryMemThridValue</value>
        <value>ModelingPlugin.NastranComputeSettings.SolverMaxMemorySecondValue</value>
        <value>ModelingPlugin.NastranComputeSettings.BufferPool</value>
        <value>ModelingPlugin.NastranSolverSettings.ShellToleranceAngle</value>
      </variable>
      <group name="FileView">
        <variable name="NotShowSwitchingDialogAgain" type="Bool">
          <value>false</value>
        </variable>
      </group>
      <group name="GravitySettings">
        <variable name="Acceleration" type="String">
          <value>9806.65 mm/s²</value>
        </variable>
        <variable name="AutoCreate" type="Bool">
          <value>false</value>
        </variable>
        <variable name="Constant" type="String">
          <value>9806.65 mm/s²</value>
        </variable>
        <variable name="Direction" type="Int">
          <value>5</value>
        </variable>
        <variable name="Magnitude" type="Real">
          <value>1.0</value>
        </variable>
        <variable name="Unit" type="Int">
          <value>0</value>
        </variable>
        <variable name="Vector" type="RealSequence">
          <value>0.0</value>
          <value>0.0</value>
          <value>1.0</value>
        </variable>
      </group>
      <group name="ImportExportSettings">
        <variable name="ExportOnlyChangedModules" type="Bool">
          <value>false</value>
        </variable>
        <variable name="ExportOrganization" type="Int">
          <value>0</value>
        </variable>
        <variable name="JointAxisElementType" type="Int">
          <value>1</value>
        </variable>
        <variable name="OverRideUnitsAlternatives" type="Int">
          <value>1</value>
        </variable>
        <variable name="ScaleWTMASS" type="Real">
          <value>1.0</value>
        </variable>
        <variable name="SelectedBaseUnitSystem" type="Int">
          <value>4</value>
        </variable>
        <variable name="SelectedMassAsWeightOption" type="Int">
          <value>-1</value>
        </variable>
        <variable name="UnitSysAlternative" type="Int">
          <value>0</value>
        </variable>
        <variable name="UseSessionConsistentUnit" type="Int">
          <value>1</value>
        </variable>
      </group>
      <group name="Interactions">
        <group name="InteractionControl">
          <variable name="BiasFactor" type="Real">
            <value>-1.0</value>
          </variable>
          <variable name="ContactTolerance" type="Real">
            <value>-1.0</value>
          </variable>
          <variable name="IgnoreThickness" type="Bool">
            <value>false</value>
          </variable>
          <variable name="LinearContact" type="Bool">
            <value>false</value>
          </variable>
          <variable name="LinearContactLargeDisplacement" type="Bool">
            <value>false</value>
          </variable>
          <variable name="MaximumSeparations" type="Int">
            <value>-1</value>
          </variable>
          <variable name="NormalPenaltyFactor" type="Real">
            <value>-1.0</value>
          </variable>
          <variable name="NormalPenetrationDistance" type="Real">
            <value>-1.0</value>
          </variable>
          <variable name="NormalScaleFactor" type="Real">
            <value>1.0</value>
          </variable>
          <variable name="NormalVectorAngle" type="Real">
            <value>-1.0</value>
          </variable>
          <variable name="NotAllowedSeparateNewlyContactedNode" type="Bool">
            <value>false</value>
          </variable>
          <variable name="OverrideWithPermanentGlue" type="Bool">
            <value>true</value>
          </variable>
          <variable name="SelectedContactMethod" type="Int">
            <value>1</value>
          </variable>
          <variable name="SelectedNormalAugmentationMethod" type="Int">
            <value>0</value>
          </variable>
          <variable name="SelectedSeparationMethod" type="Int">
            <value>0</value>
          </variable>
          <variable name="SelectedTangentialAugmentationMethod" type="Int">
            <value>0</value>
          </variable>
          <variable name="SelectedTangentialFrictionType" type="Int">
            <value>0</value>
          </variable>
          <variable name="SeparationForce" type="Real">
            <value>-1.0</value>
          </variable>
          <variable name="SeparationInAlternatives" type="Int">
            <value>0</value>
          </variable>
          <variable name="SeparationStress" type="Real">
            <value>-1.0</value>
          </variable>
          <variable name="TangentialMaxSlidingDistance" type="Real">
            <value>-1.0</value>
          </variable>
          <variable name="TangentialNonSymmetric" type="Bool">
            <value>false</value>
          </variable>
          <variable name="TangentialPenaltyFactor" type="Real">
            <value>-1.0</value>
          </variable>
          <variable name="TangentialScaleFactor" type="Real">
            <value>1.0</value>
          </variable>
          <variable name="TangentialSlidDis" type="Real">
            <value>-1.0</value>
          </variable>
          <variable name="ToolVisibility" type="Bool">
            <value>true</value>
          </variable>
        </group>
      </group>
      <group name="Materials">
        <variable name="ActiveMaterial" type="Int">
          <value>0</value>
        </variable>
        <variable name="AssignmentTarget" type="Int">
          <value>0</value>
        </variable>
        <variable name="AutoAssignMaterial" type="Bool">
          <value>false</value>
        </variable>
        <variable name="LoadDefaultMaterials" type="Bool">
          <value>true</value>
        </variable>
      </group>
      <group name="MatrixCondition">
        <variable name="Maximum" type="Real">
          <value>1.0e+12</value>
        </variable>
      </group>
      <group name="MemorySetting">
        <variable name="Memory" type="String">
          <value>4096 MB</value>
        </variable>
      </group>
      <group name="NastranComputeSettings">
        <variable name="BufferPool" type="String">
          <value>0 MB</value>
        </variable>
        <variable name="BufferPoolList" type="StringSequence">
          <value>0,0 MB</value>
        </variable>
        <variable name="BufferSize" type="Int">
          <value>32769</value>
        </variable>
        <variable name="BufferSizeList" type="IntSequence">
          <value>32769</value>
        </variable>
        <variable name="CurrentNastranVersionList" type="StringSequence">
          <value>None</value>
        </variable>
        <variable name="DeleteScratchFilesType" type="Int">
          <value>0</value>
        </variable>
        <variable name="DeleteScratchFilesTypeList" type="IntSequence">
          <value>0</value>
        </variable>
        <variable name="ImportComputeTab" type="Int">
          <value>0</value>
        </variable>
        <variable name="InputFileDirectory" type="String">
          <value>C:/Users/jc.garcia-taheno/Desktop/CE_3_TahenoHijes/Tornillo_Simplificado/</value>
        </variable>
        <variable name="InputFileDirectoryList" type="StringSequence">
          <value>C:/Users/jc.garcia-taheno/Desktop/CE_3_TahenoHijes/Tornillo_Simplificado/</value>
        </variable>
        <variable name="InstallDirectory" type="String">
          <value>C:/Program Files/MSC.Software/MSC_Nastran/2021.4/bin/nast20214.exe</value>
        </variable>
        <variable name="InstallDirectoryList" type="StringSequence">
          <value>C:/Program Files/MSC.Software/MSC Apex/2024-014231/apex/components/Nastran/bin/nast20242.exe</value>
        </variable>
        <variable name="IntegrateMatrixLimit" type="RealSequence">
          <value>1.0e+12</value>
        </variable>
        <variable name="IntegrateMaxMemoryCheckTypeList" type="IntSequence">
          <value>1</value>
        </variable>
        <variable name="IntegrateMaxMemoryFirstCheck" type="Bool">
          <value>false</value>
        </variable>
        <variable name="IntegrateMaxMemoryFirstValue" type="Int">
          <value>75</value>
        </variable>
        <variable name="IntegrateMaxMemoryFirstValueList" type="IntSequence">
          <value>75</value>
        </variable>
        <variable name="IntegrateMaxMemorySecondCheck" type="Bool">
          <value>true</value>
        </variable>
        <variable name="IntegrateMaxMemorySecondValue" type="String">
          <value>4933,6 MB</value>
        </variable>
        <variable name="IntegrateMaxMemorySecondValueList" type="StringSequence">
          <value>4933,6 MB</value>
        </variable>
        <variable name="IntegrateScratchDirectoryList" type="StringSequence">
          <value>C:\Users\JCA691~1.GAR\AppData\Local\Temp</value>
        </variable>
        <variable name="ManualInputNastranExeuctionCommands" type="String">
          <value></value>
        </variable>
        <variable name="ManualInputNastranExeuctionCommandsList" type="StringSequence">
          <value></value>
        </variable>
        <variable name="MemoryMemThridValue" type="String">
          <value>3524, MB</value>
        </variable>
        <variable name="MemoryMemThridValueList" type="StringSequence">
          <value>3524, MB</value>
        </variable>
        <variable name="MemoryMemType" type="Int">
          <value>0</value>
        </variable>
        <variable name="MemoryMemTypeList" type="IntSequence">
          <value>0</value>
        </variable>
        <variable name="NastranComputeIndex" type="Int">
          <value>0</value>
        </variable>
        <variable name="NastranComputeName" type="String">
          <value>Default Nastran Compute Environment</value>
        </variable>
        <variable name="NastranComputeNameList" type="StringSequence">
          <value>Default Nastran Compute Environment</value>
        </variable>
        <variable name="NastranSolveType" type="Int">
          <value>0</value>
        </variable>
        <variable name="NastranSolveTypeList" type="IntSequence">
          <value>0</value>
        </variable>
        <variable name="NastranVersionIndex" type="Int">
          <value>0</value>
        </variable>
        <variable name="NastranVersionList" type="StringSequence">
          <value>None</value>
        </variable>
        <variable name="NastranVersionSeqList" type="StringSequence">
          <value>None</value>
        </variable>
        <variable name="NastranVersionSize" type="IntSequence">
          <value>1</value>
        </variable>
        <variable name="OutputFileDirectory" type="String">
          <value>C:/Users/jc.garcia-taheno/Desktop/CE_3_TahenoHijes/Tornillo_Simplificado/</value>
        </variable>
        <variable name="OutputFileDirectoryList" type="StringSequence">
          <value>C:/Users/jc.garcia-taheno/Desktop/CE_3_TahenoHijes/Tornillo_Simplificado/</value>
        </variable>
        <variable name="ScratchFileDirectory" type="String">
          <value>C:\Users\JCA691~1.GAR\AppData\Local\Temp</value>
        </variable>
        <variable name="ScratchFileDirectoryList" type="StringSequence">
          <value>C:\Users\JCA691~1.GAR\AppData\Local\Temp</value>
        </variable>
        <variable name="SolverCpuThread" type="Int">
          <value>4</value>
        </variable>
        <variable name="SolverCpuThreadList" type="IntSequence">
          <value>4</value>
        </variable>
        <variable name="SolverMaxMemoryCheckTypeList" type="IntSequence">
          <value>0</value>
        </variable>
        <variable name="SolverMaxMemoryFirstCheck" type="Bool">
          <value>true</value>
        </variable>
        <variable name="SolverMaxMemoryFirstValue" type="Int">
          <value>75</value>
        </variable>
        <variable name="SolverMaxMemoryFirstValueList" type="IntSequence">
          <value>75</value>
        </variable>
        <variable name="SolverMaxMemorySecondCheck" type="Bool">
          <value>false</value>
        </variable>
        <variable name="SolverMaxMemorySecondValue" type="String">
          <value>4933,6 MB</value>
        </variable>
        <variable name="SolverMaxMemorySecondValueList" type="StringSequence">
          <value>4933,6 MB</value>
        </variable>
        <variable name="SolverSettingType" type="Int">
          <value>1</value>
        </variable>
        <variable name="SolverSettingTypeList" type="IntSequence">
          <value>1</value>
        </variable>
      </group>
      <group name="NastranSolverSettings">
        <variable name="AutomaticConstrains" type="Bool">
          <value>true</value>
        </variable>
        <variable name="AutomaticConstrainsList" type="BoolSequence">
          <value>true</value>
        </variable>
        <variable name="BarBeamCrossSectionCalc" type="Int">
          <value>0</value>
        </variable>
        <variable name="BarBeamCrossSectionCalcList" type="IntSequence">
          <value>0</value>
        </variable>
        <variable name="DataDeckEcho" type="Int">
          <value>0</value>
        </variable>
        <variable name="DataDeckEchoList" type="StringSequence">
          <value>None</value>
        </variable>
        <variable name="EffectiveUnits" type="Int">
          <value>0</value>
        </variable>
        <variable name="EffectiveUnitsList" type="StringSequence">
          <value>m-kg-s-N-K</value>
        </variable>
        <variable name="ElementOffsetMethod" type="Int">
          <value>0</value>
        </variable>
        <variable name="ElementOffsetMethodList" type="IntSequence">
          <value>0</value>
        </variable>
        <variable name="ExportApexEngineer" type="Bool">
          <value>false</value>
        </variable>
        <variable name="ExportApexEngineerList" type="BoolSequence">
          <value>false</value>
        </variable>
        <variable name="FlatCheck" type="Bool">
          <value>true</value>
        </variable>
        <variable name="FlatCheckList" type="BoolSequence">
          <value>true</value>
        </variable>
        <variable name="HierarchicalCheck" type="Bool">
          <value>false</value>
        </variable>
        <variable name="HierarchicalCheckList" type="BoolSequence">
          <value>false</value>
        </variable>
        <variable name="ImportSolverTab" type="Int">
          <value>0</value>
        </variable>
        <variable name="MassCalculation" type="Int">
          <value>0</value>
        </variable>
        <variable name="MassCalculationList" type="IntSequence">
          <value>0</value>
        </variable>
        <variable name="MaxPrintLines" type="Int">
          <value>0</value>
        </variable>
        <variable name="MaxPrintLinesList" type="IntSequence">
          <value>0</value>
        </variable>
        <variable name="MaxRunTime" type="Real">
          <value>0.0</value>
        </variable>
        <variable name="MaxRunTimeList" type="RealSequence">
          <value>0.0</value>
        </variable>
        <variable name="NastranSolverControlName" type="String">
          <value>Default Solver Control Settings</value>
        </variable>
        <variable name="NastranSolverControlNameList" type="StringSequence">
          <value>Default Solver Control Settings</value>
        </variable>
        <variable name="NastranSolverIndex" type="Int">
          <value>0</value>
        </variable>
        <variable name="NodeWeightGeneration" type="Int">
          <value>-1</value>
        </variable>
        <variable name="NodeWeightGenerationList" type="IntSequence">
          <value>-1</value>
        </variable>
        <variable name="PlateRZStiffnessFactor" type="Real">
          <value>100.</value>
        </variable>
        <variable name="PlateRZStiffnessFactorList" type="RealSequence">
          <value>100.</value>
        </variable>
        <variable name="RemoveRotationDOFs" type="Bool">
          <value>false</value>
        </variable>
        <variable name="RemoveRotationDOFsList" type="BoolSequence">
          <value>false</value>
        </variable>
        <variable name="ResultsFormat" type="Int">
          <value>0</value>
        </variable>
        <variable name="ResultsFormatList" type="StringSequence">
          <value>.hdf5</value>
        </variable>
        <variable name="RigidElementProcessing" type="Int">
          <value>0</value>
        </variable>
        <variable name="RigidElementProcessingList" type="IntSequence">
          <value>0</value>
        </variable>
        <variable name="ShearPanelFormulation" type="Int">
          <value>0</value>
        </variable>
        <variable name="ShearPanelFormulationList" type="IntSequence">
          <value>0</value>
        </variable>
        <variable name="ShellToleranceAngle" type="String">
          <value>20 °</value>
        </variable>
        <variable name="ShellToleranceAngleList" type="StringSequence">
          <value>20 °</value>
        </variable>
        <variable name="StructuralMassScalingCb" type="Int">
          <value>-1</value>
        </variable>
        <variable name="StructuralMassScalingCbList" type="StringSequence">
          <value></value>
        </variable>
        <variable name="StructuralMassScalingRb" type="Int">
          <value>1</value>
        </variable>
        <variable name="StructuralMassScalingRbList" type="IntSequence">
          <value>1</value>
        </variable>
        <variable name="StructuralMassScalingTb" type="Real">
          <value>1.0</value>
        </variable>
        <variable name="StructuralMassScalingTbList" type="RealSequence">
          <value>1.0</value>
        </variable>
        <variable name="UnitSysAlternative" type="Int">
          <value>0</value>
        </variable>
        <variable name="UnitSysAlternativeList" type="IntSequence">
          <value>0</value>
        </variable>
        <variable name="WideFieldCheck" type="Bool">
          <value>false</value>
        </variable>
        <variable name="WideFieldCheckList" type="BoolSequence">
          <value>false</value>
        </variable>
        <variable name="WritePropertiesElements" type="Int">
          <value>0</value>
        </variable>
        <variable name="WritePropertiesElementsList" type="IntSequence">
          <value>0</value>
        </variable>
      </group>
      <group name="NexusComputeSettings">
        <variable name="ConfigureType" type="Int">
          <value>1</value>
        </variable>
        <variable name="ConfigureTypeList" type="IntSequence">
          <value>1</value>
        </variable>
        <variable name="DownloadDBALL" type="Bool">
          <value>false</value>
        </variable>
        <variable name="DownloadDBALLList" type="BoolSequence">
          <value>false</value>
        </variable>
        <variable name="DownloadF04" type="Bool">
          <value>true</value>
        </variable>
        <variable name="DownloadF04List" type="BoolSequence">
          <value>true</value>
        </variable>
        <variable name="DownloadF06" type="Bool">
          <value>true</value>
        </variable>
        <variable name="DownloadF06List" type="BoolSequence">
          <value>true</value>
        </variable>
        <variable name="DownloadHDF5" type="Bool">
          <value>true</value>
        </variable>
        <variable name="DownloadHDF5List" type="BoolSequence">
          <value>true</value>
        </variable>
        <variable name="DownloadLOG" type="Bool">
          <value>true</value>
        </variable>
        <variable name="DownloadLOGList" type="BoolSequence">
          <value>true</value>
        </variable>
        <variable name="DownloadMASTER" type="Bool">
          <value>false</value>
        </variable>
        <variable name="DownloadMASTERList" type="BoolSequence">
          <value>false</value>
        </variable>
        <variable name="DownloadOP2" type="Bool">
          <value>false</value>
        </variable>
        <variable name="DownloadOP2List" type="BoolSequence">
          <value>false</value>
        </variable>
        <variable name="DownloadPCH" type="Bool">
          <value>false</value>
        </variable>
        <variable name="DownloadPCHList" type="BoolSequence">
          <value>false</value>
        </variable>
        <variable name="DownloadSTS" type="Bool">
          <value>false</value>
        </variable>
        <variable name="DownloadSTSList" type="BoolSequence">
          <value>false</value>
        </variable>
        <variable name="DownloadXDB" type="Bool">
          <value>false</value>
        </variable>
        <variable name="DownloadXDBList" type="BoolSequence">
          <value>false</value>
        </variable>
        <variable name="HardwareDeviceIndex" type="Int">
          <value>0</value>
        </variable>
        <variable name="HardwareDeviceIndexList" type="IntSequence">
          <value>0</value>
        </variable>
        <variable name="MaximumTime" type="Int">
          <value>0</value>
        </variable>
        <variable name="MaximumTimeList" type="IntSequence">
          <value>0</value>
        </variable>
        <variable name="NexusApexWorkflow" type="Int">
          <value>0</value>
        </variable>
        <variable name="NexusApexWorkflowList" type="IntSequence">
          <value>0</value>
        </variable>
        <variable name="NexusDownloadDir" type="String">
          <value>C:\Users\jc.garcia-taheno\AppData\Local\MSC\MSC_Apex</value>
        </variable>
        <variable name="NexusDownloadDirList" type="StringSequence">
          <value>C:\Users\jc.garcia-taheno\AppData\Local\MSC\MSC_Apex</value>
        </variable>
        <variable name="NexusTempFilesType" type="Int">
          <value>0</value>
        </variable>
        <variable name="NexusTempFilesTypeList" type="IntSequence">
          <value>0</value>
        </variable>
      </group>
      <group name="PreReleaseFeatures">
        <variable name="EnableIncludeFile" type="Bool">
          <value>false</value>
        </variable>
      </group>
      <group name="PropertyView">
        <variable name="NotShowSwitchingDialogAgain" type="Bool">
          <value>false</value>
        </variable>
      </group>
      <group name="SectionView">
        <variable name="NotShowSwitchingDialogAgain" type="Bool">
          <value>false</value>
        </variable>
      </group>
      <group name="SolverSettings">
        <variable name="ScratchDirectory" type="String">
          <value>C:\Users\JCA691~1.GAR\AppData\Local\Temp</value>
        </variable>
      </group>
      <group name="StudyManagerSettings">
        <variable name="DefaultScenarioAllow" type="Bool">
          <value>false</value>
        </variable>
        <variable name="DefaultScenarioType" type="Int">
          <value>1</value>
        </variable>
        <variable name="DefaultScenarioTypeV2" type="Int">
          <value>0</value>
        </variable>
        <variable name="DefaultUseScenario" type="Int">
          <value>0</value>
        </variable>
        <variable name="DisplayPrereleaseSolution" type="Bool">
          <value>false</value>
        </variable>
      </group>
    </group>
    <group name="PostPlugin">
      <group name="AdamsPostColorSettings">
        <variable name="Dynamic" type="Int">
          <value>-1789937</value>
        </variable>
        <variable name="QuasiStatic" type="Int">
          <value>-6283023</value>
        </variable>
        <variable name="Static" type="Int">
          <value>-16776961</value>
        </variable>
      </group>
      <group name="AnimationSpeedControl">
        <variable name="FrameRateControl" type="Int">
          <value>0</value>
        </variable>
        <variable name="MaximumFrameRate" type="Int">
          <value>60</value>
        </variable>
        <variable name="MinimumFrameRate" type="Int">
          <value>1</value>
        </variable>
      </group>
    </group>
    <group name="ShellPlugin">
      <group name="AdvancedTooltipOptions">
        <variable name="DoNotShowAdvancedTooltip" type="Bool">
          <value>false</value>
        </variable>
      </group>
      <group name="Instructions">
        <variable name="DelayTime" type="Int">
          <value>1</value>
        </variable>
        <variable name="Visibility" type="Int">
          <value>0</value>
        </variable>
      </group>
      <group name="PopUps">
        <variable name="DelayTime" type="Int">
          <value>500</value>
        </variable>
        <variable name="Visibility" type="Int">
          <value>0</value>
        </variable>
      </group>
      <group name="ToolPaletteSettings">
        <variable name="ButtonStyle" type="Int">
          <value>2</value>
        </variable>
        <variable name="IconsTextStyle" type="Int">
          <value>0</value>
        </variable>
      </group>
      <group name="UTMOptions">
        <variable name="InvokeTTPBySpaceKeyOnly" type="Bool">
          <value>false</value>
        </variable>
      </group>
    </group>
  </configuration>
</SCA>
